{"_runtime":15.76207,"_step":0,"rmsle":0.0038086729091121197,"learning_rate":0.10724242482445036,"max_depth":7,"n_estimators":856,"_wandb":{"runtime":15},"_timestamp":1.746886975770139e+09}