{"_runtime":11.773753,"_step":0,"_wandb":{"runtime":11},"rmsle":0.004719159615991392,"learning_rate":0.257980329354878,"max_depth":3,"n_estimators":851,"_timestamp":1.746887318319505e+09}