{"max_depth":7,"_wandb":{"runtime":16},"n_estimators":899,"_timestamp":1.746887432798414e+09,"_runtime":16.392435,"_step":0,"rmsle":0.0038838688475089224,"learning_rate":0.10338712277549146}