{"n_estimators":991,"_timestamp":1.746887261330016e+09,"_wandb":{"runtime":18},"_runtime":18.015359,"_step":0,"rmsle":0.003839479613104939,"learning_rate":0.0874760818533417,"max_depth":7}