{"n_estimators":955,"_timestamp":1.7468874753598888e+09,"_wandb":{"runtime":17},"_runtime":17.153288,"_step":0,"rmsle":0.0038720998917271157,"learning_rate":0.0975668829948364,"max_depth":7}