{"_step":0,"rmsle":0.00381494349487935,"learning_rate":0.09577733789588808,"max_depth":7,"_wandb":{"runtime":15},"n_estimators":847,"_timestamp":1.746887411111993e+09,"_runtime":15.815308}