{"n_estimators":399,"_wandb":{"runtime":6},"_timestamp":1.746887390978255e+09,"_runtime":6.107112,"_step":0,"rmsle":0.005365372542482091,"learning_rate":0.17484372045675445,"max_depth":3}