{"_step":0,"_wandb":{"runtime":18},"rmsle":0.003809530522939968,"learning_rate":0.05945092528224721,"max_depth":7,"n_estimators":986,"_timestamp":1.7468872309370701e+09,"_runtime":18.876409}