{"rmsle":0.003931602098178422,"learning_rate":0.22809619392316835,"max_depth":7,"n_estimators":778,"_wandb":{"runtime":17},"_timestamp":1.746886809129159e+09,"_runtime":17.24575,"_step":0}