{"rmsle":0.003997205560381309,"learning_rate":0.2805643371475091,"max_depth":7,"n_estimators":645,"_wandb":{"runtime":11},"_timestamp":1.7468867138838458e+09,"_runtime":11.924218,"_step":0}