{"_step":0,"rmsle":0.00383026388481653,"learning_rate":0.10829564293606926,"max_depth":7,"n_estimators":955,"_wandb":{"runtime":17},"_timestamp":1.746887083468662e+09,"_runtime":17.667081}