{"_runtime":15.774323,"_wandb":{"runtime":15},"_step":0,"rmsle":0.0038855687420856497,"learning_rate":0.13510555967787738,"max_depth":7,"n_estimators":874,"_timestamp":1.7468869124989078e+09}