{"_timestamp":1.746887302237695e+09,"_runtime":17.308619,"_step":0,"rmsle":0.003905267033022342,"_wandb":{"runtime":17},"learning_rate":0.10284424541415758,"max_depth":7,"n_estimators":934}