{"_wandb":{"runtime":16},"n_estimators":910,"_timestamp":1.746886934050221e+09,"_runtime":16.152887,"_step":0,"rmsle":0.0038806696542716757,"learning_rate":0.14426223213861672,"max_depth":7}