{"_runtime":10.925387,"_step":0,"rmsle":0.0042787878560560455,"learning_rate":0.2987653346734741,"max_depth":5,"_wandb":{"runtime":10},"n_estimators":729,"_timestamp":1.746886554404503e+09}