{"max_depth":7,"_wandb":{"runtime":16},"n_estimators":901,"_timestamp":1.746887337912422e+09,"_runtime":16.266649,"_step":0,"rmsle":0.00385049206415153,"learning_rate":0.11092542703834718}