{"_runtime":5.279806,"_step":0,"rmsle":0.0042529788584470315,"_wandb":{"runtime":5},"learning_rate":0.24578910474359997,"max_depth":5,"n_estimators":312,"_timestamp":1.74688667957862e+09}