{"_runtime":4.814859,"_step":0,"_wandb":{"runtime":4},"rmsle":0.004231456258936546,"learning_rate":0.2568891176098514,"max_depth":5,"n_estimators":289,"_timestamp":1.746886563531596e+09}