{"max_depth":7,"n_estimators":839,"_wandb":{"runtime":16},"_timestamp":1.7468874538551e+09,"_runtime":16.719871,"_step":0,"rmsle":0.0038090571152749027,"learning_rate":0.1029119023464464}