{"_runtime":8.494021,"_step":0,"rmsle":0.0048097820766798026,"learning_rate":0.2750830581977992,"_wandb":{"runtime":8},"max_depth":3,"n_estimators":656,"_timestamp":1.746886604213393e+09}