{"rmsle":0.0038835413157722746,"learning_rate":0.16431657336252473,"max_depth":7,"n_estimators":843,"_timestamp":1.746886848657866e+09,"_runtime":14.8926,"_step":0,"_wandb":{"runtime":14}}