{"max_depth":7,"n_estimators":998,"_wandb":{"runtime":18},"_timestamp":1.746887188117239e+09,"_runtime":18.206115,"_step":0,"rmsle":0.0038220682957863746,"learning_rate":0.0551841423367496}