{"learning_rate":0.10116218848760895,"max_depth":7,"n_estimators":898,"_timestamp":1.746887380572209e+09,"_runtime":16.428753,"_step":0,"_wandb":{"runtime":16},"rmsle":0.0038928036246134562}