{"_runtime":16.317811,"_step":0,"rmsle":0.0038295618548859498,"learning_rate":0.10477508927643708,"max_depth":7,"_wandb":{"runtime":16},"n_estimators":891,"_timestamp":1.7468869546598132e+09}