{"_runtime":17.691689,"_step":0,"_wandb":{"runtime":17},"rmsle":0.0038352579820788977,"learning_rate":0.09908811191978666,"max_depth":7,"n_estimators":935,"_timestamp":1.746887040465815e+09}