{"max_depth":7,"n_estimators":891,"_timestamp":1.746887495987039e+09,"_runtime":16.291795,"_step":0,"_wandb":{"runtime":16},"rmsle":0.003857420298323022,"learning_rate":0.10646011872970676}