{"max_depth":5,"n_estimators":553,"_wandb":{"runtime":8},"_timestamp":1.746886589406218e+09,"_runtime":8.627041,"_step":0,"rmsle":0.004102969569635135,"learning_rate":0.2770330269872484}