{"max_depth":7,"n_estimators":836,"_timestamp":1.746886870146167e+09,"_runtime":15.108745,"_step":0,"_wandb":{"runtime":15},"rmsle":0.0038685269589463726,"learning_rate":0.13039088631992785}