{"learning_rate":0.11323117340822444,"max_depth":7,"n_estimators":820,"_wandb":{"runtime":17},"_timestamp":1.746887018505729e+09,"_runtime":17.18909,"_step":0,"rmsle":0.003839712932859681}