{"n_estimators":641,"_timestamp":1.7468866556013389e+09,"_runtime":12.210389,"_wandb":{"runtime":12},"_step":0,"rmsle":0.003953683548016968,"learning_rate":0.27238313909584627,"max_depth":7}