{"n_estimators":492,"_timestamp":1.746886724404117e+09,"_runtime":7.234617,"_step":0,"rmsle":0.00513766111285243,"learning_rate":0.13939937816145853,"max_depth":3,"_wandb":{"runtime":7}}