{"learning_rate":0.1151112167779088,"max_depth":7,"n_estimators":996,"_timestamp":1.7468871269943109e+09,"_runtime":19.300379,"_step":0,"rmsle":0.003877757919301638,"_wandb":{"runtime":19}}