{"learning_rate":0.09517267916682225,"max_depth":7,"n_estimators":907,"_timestamp":1.746887281633376e+09,"_runtime":17.039235,"_step":0,"_wandb":{"runtime":17},"rmsle":0.0038322399702906463}