{"_wandb":{"runtime":16},"learning_rate":0.09264902001194068,"max_depth":7,"n_estimators":898,"_timestamp":1.746887103401338e+09,"_runtime":16.49721,"_step":0,"rmsle":0.0038529315596230983}