{"learning_rate":0.10925450868181628,"max_depth":7,"n_estimators":985,"_timestamp":1.746887062459658e+09,"_runtime":17.549873,"_step":0,"_wandb":{"runtime":17},"rmsle":0.003819036100637082}