{"_step":0,"_wandb":{"runtime":17},"rmsle":0.0038570853033006126,"learning_rate":0.090543263065109,"max_depth":7,"n_estimators":917,"_timestamp":1.746887207758229e+09,"_runtime":17.183644}