{"_runtime":10.096134,"_step":0,"_wandb":{"runtime":10},"rmsle":0.004177270619066387,"learning_rate":0.28641138177707365,"max_depth":7,"n_estimators":537,"_timestamp":1.74688666898264e+09}