{"_timestamp":1.7468866162777972e+09,"_wandb":{"runtime":9},"_runtime":9.757472,"_step":0,"rmsle":0.003974207283155375,"learning_rate":0.27293419200384383,"max_depth":7,"n_estimators":473}