{"_runtime":17.610157,"_step":0,"rmsle":0.003859005988798208,"learning_rate":0.08398686853919232,"max_depth":7,"n_estimators":942,"_wandb":{"runtime":17},"_timestamp":1.746887360856552e+09}