{"_timestamp":1.746886787555115e+09,"_runtime":11.43068,"_step":0,"rmsle":0.003952033124798218,"_wandb":{"runtime":11},"learning_rate":0.24425367361649897,"max_depth":7,"n_estimators":638}