{"_timestamp":1.746886631124635e+09,"_runtime":8.551194,"_wandb":{"runtime":8},"_step":0,"rmsle":0.003945838782785779,"learning_rate":0.2820667037792405,"max_depth":7,"n_estimators":503}