{"_timestamp":1.746886696393526e+09,"_runtime":11.460818,"_step":0,"_wandb":{"runtime":11},"rmsle":0.003968485639180637,"learning_rate":0.12670972484623502,"max_depth":5,"n_estimators":751}