{"_step":0,"rmsle":0.003955186790484976,"_wandb":{"runtime":12},"learning_rate":0.22156317250847857,"max_depth":7,"n_estimators":676,"_timestamp":1.7468867727791722e+09,"_runtime":12.153146}