{"_runtime":14.849363,"_wandb":{"runtime":14},"_step":0,"rmsle":0.003912577613222232,"learning_rate":0.17638259971717216,"max_depth":7,"n_estimators":787,"_timestamp":1.746886827343421e+09}