{"_step":0,"rmsle":0.003829780339389563,"_wandb":{"runtime":16},"learning_rate":0.0945302550899001,"max_depth":7,"n_estimators":842,"_timestamp":1.746886997823395e+09,"_runtime":16.656274}