{"_step":0,"rmsle":0.0042621376374764415,"learning_rate":0.25125562491900066,"_wandb":{"runtime":4},"max_depth":5,"n_estimators":276,"_timestamp":1.746886574358258e+09,"_runtime":4.527092}