{"_step":0,"rmsle":0.003932470728376265,"learning_rate":0.2481805135004256,"max_depth":7,"n_estimators":591,"_timestamp":1.746886739800797e+09,"_wandb":{"runtime":12},"_runtime":12.058885}