{"max_depth":7,"n_estimators":901,"_timestamp":1.746886891385399e+09,"_runtime":15.877862,"_step":0,"_wandb":{"runtime":15},"rmsle":0.003856283661678824,"learning_rate":0.13933540255623925}