{"_step":0,"_wandb":{"runtime":13},"rmsle":0.0039109728323445375,"learning_rate":0.24892377201395613,"max_depth":7,"n_estimators":735,"_timestamp":1.746886757311254e+09,"_runtime":13.122171}