{"learning_rate":0.10679875778693244,"max_depth":7,"n_estimators":936,"_timestamp":1.746887157543715e+09,"_wandb":{"runtime":18},"_runtime":18.267943,"_step":0,"rmsle":0.0038686989864506675}